chr_10	29522	29580	PRECISE	PE=0	SR=20
chr_10	32733	32783	PRECISE	PE=0	SR=20
chr_10	57127	57600	PRECISE	PE=3	SR=16
chr_10	80015	80622	PRECISE	PE=15	SR=20
chr_10	90255	90309	PRECISE	PE=0	SR=7
chr_10	90309	101040	IMPRECISE	PE=8	
chr_10	111021	111676	IMPRECISE	PE=20	
chr_10	191291	191343	PRECISE	PE=0	SR=20
chr_10	264986	265063	PRECISE	PE=0	SR=12
chr_10	267829	267857	PRECISE	PE=0	SR=19
chr_10	360628	361052	PRECISE	PE=0	SR=20
chr_10	383682	477911	IMPRECISE	PE=7	
chr_10	425686	426624	IMPRECISE	PE=28	
chr_10	459094	459124	PRECISE	PE=0	SR=12
chr_10	465858	466080	PRECISE	PE=0	SR=20
chr_10	468192	468342	PRECISE	PE=0	SR=20
chr_10	477523	479732	PRECISE	PE=41	SR=20
chr_10	496882	496919	PRECISE	PE=0	SR=20
